[
  {
    "id": "57f5b2e5-786d-4e3f-91ef-0b5964d6f7d0",
    "data": [
      {
        "text": "யூர் வெல்கம்",
        "userDefined": false
      }
    ],
    "isTemplate": false,
    "count": 1,
    "lang": "ta",
    "updated": 0
  },
  {
    "id": "caa2ef98-5c93-4c26-932c-85af3515b13d",
    "data": [
      {
        "text": "வெல்கம்",
        "userDefined": false
      }
    ],
    "isTemplate": false,
    "count": 0,
    "lang": "ta",
    "updated": 0
  },
  {
    "id": "eac5bdcd-e679-4b00-9ed1-b4dec8881cf6",
    "data": [
      {
        "text": "யூர் சோ வெல்கம்",
        "userDefined": false
      }
    ],
    "isTemplate": false,
    "count": 0,
    "lang": "ta",
    "updated": 0
  },
  {
    "id": "4ba92ed7-8876-4940-bf71-f1c334fc07c8",
    "data": [
      {
        "text": "சந்தோஷம்",
        "userDefined": false
      }
    ],
    "isTemplate": false,
    "count": 0,
    "lang": "ta",
    "updated": 0
  },
  {
    "id": "6e964e8c-225b-4833-a63d-2e44bd61e56a",
    "data": [
      {
        "text": "ஷூர் வெல்கம்",
        "userDefined": false
      }
    ],
    "isTemplate": false,
    "count": 0,
    "lang": "ta",
    "updated": 0
  },
  {
    "id": "568347b3-e6cf-47d9-a96e-f90e6b87f59f",
    "data": [
      {
        "text": "எனக்கு சந்தோஷம்",
        "userDefined": false
      }
    ],
    "isTemplate": false,
    "count": 0,
    "lang": "ta",
    "updated": 0
  }
]